expId,phaseShift
1,2.34179651133459
2,2.23469378670271
3,2.30657497562349
4,2.24317573022734
