expId,phaseShift
1,3.96048627450303
2,4.13119041913028
3,4.06154260833442
