expId,phaseShift
1,3.96048627450488
2,4.13119041913041
3,4.06154260833439
